id,tags
test-0,O O O O B-people I-people O B-time
test-1,O O O O O O O B-date I-date O B-time O
test-2,O O O O O O
test-3,O O O O O
test-4,O O B-first_name B-last_name
test-5,O O O B-people O O O O O
test-6,B-people O B-people I-people
test-7,O O O O O O O O O O O O O B-first_name O
test-8,O O O O B-date I-date O
test-9,O O O O B-date I-date I-date O
test-10,O O O O O O O O O O O O
test-11,O O O O O O O O O O
test-12,O O O O
test-13,O O O O
test-14,O O O O O O O B-people O O O O O O O O O O O B-first_name O
test-15,O B-date
test-16,O O B-time
test-17,O B-people
test-18,O O O O O O O O O O B-first_name B-last_name O O O O O O B-date I-date I-date O
test-19,O O O O O O O O O B-first_name O
test-20,O B-date I-date I-date
test-21,O O O O O O O O
test-22,O O O O O O O O O O O
test-23,O O O O B-people I-people O B-time
test-24,O O O O O O O O
test-25,O O O O O O
test-26,O
test-27,O O O O O O
test-28,O O O O O
test-29,O O O O O O B-date I-date O B-people I-people O
test-30,O O O B-time O O O O
test-31,O O O O O O O
test-32,O O O O O O O O O O O O B-people I-people O O O O B-date I-date I-date O
test-33,O O O O O O
test-34,O O B-date O
test-35,O O O
test-36,O B-first_name B-last_name O O O O O O O O B-date I-date I-date O O O O O O O
test-37,O O O O O
test-38,O O O B-people O O O B-date I-date I-date O
test-39,O B-people O O O O O O O O B-people I-people O B-time O O O
test-40,B-date I-date I-date I-date O O O
test-41,O O O O O O O O O
test-42,O O O O O B-people I-people I-people I-people I-people I-people
test-43,O O O O O O
test-44,O O O O
test-45,O O O O O O O B-people I-people O O O B-time O O O B-first_name O
test-46,B-people I-people I-people I-people I-people O O O O
test-47,O
test-48,O O O O O O B-people I-people I-people I-people I-people I-people I-people O
test-49,O
test-50,O B-date I-date I-date
test-51,O O O O O
test-52,O O O O O B-date I-date I-date I-date O O O O O O O O O O O O B-first_name O
test-53,B-time B-people I-people I-people I-people I-people
test-54,O O O O O B-time
test-55,O O O O O O O O O O B-people I-people I-people I-people I-people O O
test-56,O B-people I-people I-people I-people I-people I-people I-people I-people O
test-57,O O O O O O B-date I-date I-date
test-58,O O B-time
test-59,O O
test-60,O O O B-people I-people I-people I-people I-people
test-61,O B-date I-date
test-62,O O O O O O
test-63,O O B-first_name B-last_name
test-64,O O O O O B-time O
test-65,O O O O B-time I-time B-date I-date O
test-66,O O O O O O
test-67,O O O
test-68,O O B-first_name B-last_name
test-69,O O O O O O O O O O O O O O O O
test-70,O O B-people I-people
test-71,O O O O O O O B-date O B-time I-time
test-72,O O O O
test-73,O O O O O O O O O O O O
test-74,O O O O O O
test-75,O O O O O
test-76,O O O O O O O O O O
test-77,O O O O O O O O O O
test-78,O O O O O O
test-79,O O B-time O
test-80,B-first_name B-last_name O O O O O O O O B-date O B-time
test-81,O O O O O O O O O O O O O O O
test-82,B-time I-time O B-time O O B-date I-date I-date
test-83,O O O
test-84,O O O B-people I-people O O O O O
test-85,O O O O B-date I-date I-date O B-people O O
test-86,O O O O O B-people I-people I-people I-people O
test-87,O O O B-time O O B-date O O O O O O O O O B-first_name O
test-88,O O O O O O O
test-89,O O O O O O O O
test-90,O O O O O O O O
test-91,O O O O O O O
test-92,O O O B-people O
test-93,O O O O O O
test-94,O O O O
test-95,O O
test-96,O O O
test-97,O O B-first_name B-last_name
test-98,O O O O O B-date I-date I-date O
test-99,O O O O O O
test-100,O O O
test-101,O O O O O O O O O
test-102,O O O B-people O
test-103,O O O B-people I-people O O
test-104,O O O B-time I-time I-time I-time I-time I-time
test-105,O O B-time I-time
test-106,O O O O O
test-107,O O O O B-time I-time
test-108,B-first_name B-last_name O O O O O O O O O O O O O O O O O O O O O B-date I-date I-date O
test-109,O O O O B-people I-people
test-110,O O O O O B-people O B-time
test-111,O
test-112,O O O O O O O
test-113,O O O O B-time O
test-114,O O O O O O O O B-people O O O O O O O O
test-115,O O O O O
test-116,O O O O O O O O O O O O O O O O O B-date O B-time
test-117,O O O O
test-118,O B-time I-time
test-119,O O O O B-people O O
test-120,O O O
test-121,O O O O O O B-people I-people O O O
test-122,O B-people O
test-123,O O O O O O
test-124,B-first_name B-last_name O O O
test-125,O O O O B-time O
test-126,O O O O O B-people I-people I-people I-people
test-127,O O O O O B-date I-date I-date
test-128,O O O O O O O O O O B-date I-date O
test-129,O O O O
test-130,O O O O O O
test-131,O O O O O
test-132,O O O B-time I-time O
test-133,O O O O B-date O
test-134,O O O O O O O B-date I-date I-date O
test-135,O B-time
test-136,O O O O O O O O
test-137,O O O B-date I-date I-date
test-138,O
test-139,O O O O O O O O O
test-140,O O O O O O
test-141,O O O O O O B-date
test-142,O O O O B-first_name B-last_name O O O O O O O O O O O
test-143,O O O O O O O O
test-144,O O O B-people O
test-145,O O O O
test-146,O O O O O O O O
test-147,O
test-148,O O O O B-date I-date I-date O
test-149,O O O O
test-150,O O O O B-first_name O
test-151,O O B-last_name
test-152,O O O O O O B-date I-date I-date O
test-153,O O
test-154,O O O O O O O O
test-155,O O O O I-people O O O
test-156,O O B-last_name
test-157,O O O O
test-158,O O O O O O O O
test-159,O O O O O O O O O O
test-160,O O O O O O O B-date O B-time O O O O B-first_name O
test-161,O O O O O O O
test-162,O O O O O O B-date I-date
test-163,O O O O O O
test-164,O O O O
test-165,O O O O O O O O
test-166,O O O O B-first_name B-last_name
test-167,O B-date I-date I-date
test-168,O O O O B-date I-date O
test-169,O O B-time I-time
test-170,O O O O O B-date I-date O
test-171,O O O O O B-date I-date O B-time O O O B-first_name O O O O O O O O O O O O O O O
test-172,O O
test-173,O B-time
test-174,O B-people I-people I-people O B-time I-time O I-time
test-175,O O O O O O O
test-176,O O O O O O
test-177,O B-time I-time O O O O
test-178,O B-date I-date I-date
test-179,B-date I-date O O O O O O O O O O B-first_name O
test-180,O O O O O O O B-first_name B-last_name O B-date I-date I-date O
test-181,O O O O O
test-182,O O O O O O O
test-183,O O O B-first_name B-last_name O O O O O O O O B-date I-date I-date O O O
test-184,O B-date I-date I-date
test-185,O O O O O B-people O O B-date I-date I-date
test-186,O O O O O O O O O O
test-187,O O O
test-188,O O O O O B-date I-date O
test-189,O O O O B-first_name B-last_name O O O O B-date I-date O
test-190,O O O O O O O O
test-191,O B-time I-time
test-192,O O O B-people I-people O O O B-first_name O B-time
test-193,O O O O O O O O O O O O
test-194,B-people I-people I-people I-people I-people I-people O O
test-195,O O O O
test-196,O
test-197,O O O O O O O B-people O
test-198,O O O O O O B-time I-time I-time O
test-199,O O O O O O O O O O O O O
test-200,O B-time O O
test-201,O O O O O O O O
test-202,O O O O O B-time I-time
test-203,B-date I-date
test-204,O O O O O O O B-time
test-205,O O O O O B-time B-date I-date O
test-206,O O O B-first_name B-last_name
test-207,O O O O O O O O O O O O O O O O O B-first_name B-last_name O B-time O B-people O
test-208,O O O O O
test-209,O O O O O B-people I-people I-people I-people O
test-210,O O B-first_name B-last_name
test-211,B-people I-people O B-time I-time
test-212,O O O O O O O O B-date
test-213,O O B-people I-people O
test-214,O O O O O
test-215,O O O O O B-date I-date O
test-216,O B-time
test-217,O O B-people O
test-218,O B-time O O
test-219,O B-time
test-220,O O O O O O O B-date I-date O
test-221,O O O O O O O
test-222,O O O O O O O O O O O O
test-223,B-people I-people O B-date
test-224,O O O O O
test-225,O O
test-226,O O O O O O O O O O O O O O O O O O
test-227,O O O O O B-people I-people
test-228,O O O
test-229,O O O O O B-people O
test-230,O O O O O
test-231,O O O O B-time O B-people I-people I-people I-people I-people
test-232,O O O O B-time
test-233,O O O O O O O B-people I-people I-people I-people O
test-234,O O O O O O B-people O
test-235,O O
test-236,O O O
test-237,O O O O O O O O O O O B-first_name B-last_name O B-time B-date O
test-238,O O O O O O
test-239,O O B-first_name B-last_name
test-240,O O O B-people I-people I-people O
test-241,O O O O O O O O B-first_name B-last_name O O O O
test-242,O O O O O O O O O O O O O
test-243,O O B-first_name B-last_name O O O O O O O O O O O O O O O O O O O O
test-244,O O O O O O B-people O B-time O B-first_name O O B-people I-people O O
test-245,O O O O O O O
test-246,O O O
test-247,O O O O O O
test-248,O O O O O O O O
test-249,O O O O O O O O O O
test-250,B-date B-time I-time I-time O O O O O B-first_name B-last_name O O
test-251,O O O O B-time O
test-252,O O O O O O O B-people I-people I-people I-people
test-253,O B-people
test-254,O O O O O B-date I-date I-date I-date O O O O O O O O O O O O B-first_name O
test-255,O O O O O O O O O
test-256,O O O O O O O O O O O O O
test-257,O O O O O O B-people O
test-258,O O O B-date I-date I-date
test-259,O O O O O O O O O B-time O O O O B-first_name B-last_name
test-260,O O O O O O O O O O
test-261,O O B-time
test-262,O O O O
test-263,O O O O O O O O O B-first_name B-last_name O O O O O O O O O O O O O O O
test-264,O O O O O O O B-date I-date O
test-265,O O O
test-266,O O O O O
test-267,B-people I-people I-people I-people O O O
test-268,O O O O O O
test-269,O O O O O O O O O O O O O O O O O O O O
test-270,O O O B-time I-time
test-271,O O O O O O
test-272,O O O O O O B-date I-date I-date I-date
test-273,O O O O
test-274,O O O O O O O
test-275,O O B-time
test-276,O O O O B-date I-date O
test-277,O O O O O O O O O
test-278,O B-time
test-279,O O O O O O O O O O O O O O
test-280,O O O O O O O O B-time B-date I-date O
test-281,O O O O O O O O O O O
test-282,O O O O O O O O O
test-283,O O O O O O O O O O O
test-284,O O O O O B-first_name B-last_name
test-285,O O O B-date I-date O
test-286,O O O O B-date I-date O
test-287,O O O O
test-288,O O O O O
test-289,O O O O O O O O O O B-time
test-290,O O O B-date I-date O
test-291,O O O O O O
test-292,O
test-293,O O O O O O O O
test-294,O O O O O O O O
test-295,O O O O O O
test-296,O O B-date I-date I-date
test-297,O B-date I-date I-date O O O O O B-people O B-time O
test-298,O O O O O O B-people I-people I-people
test-299,O O O O O O O O O
test-300,O B-people I-people O O O O O O B-time O O O O O
test-301,O O O O O O B-date I-date I-date
test-302,O O B-first_name B-last_name
test-303,O O O O O
test-304,O O O O O O B-date
test-305,O O O O O O O B-people O
test-306,O O O O O B-people I-people I-people
test-307,B-people I-people I-people I-people I-people
test-308,O B-time
test-309,O O O O O O O O O
test-310,B-date O O O
test-311,O O O O O O B-people I-people O
test-312,O O O O O B-time I-time
test-313,O O O O O O
test-314,O O O O O O
test-315,O O O O O O B-time O O O B-first_name O
test-316,O
test-317,O O B-date I-date I-date
test-318,O O B-first_name B-last_name
test-319,O O B-first_name O
test-320,O O O O O B-date O
test-321,O O O O O O O O O O O O O O O O O B-first_name B-last_name O B-time O B-people O
test-322,B-people O B-people O O
test-323,O
test-324,O O O O O B-date O O O O B-time
test-325,O O O O O O O O O O
test-326,O O O O O O O O O B-date I-date I-date O
test-327,O O O O O
test-328,O O O O O O O O O O O O O O O
test-329,O B-people O O O O O B-date O B-people I-people O B-time I-time
test-330,B-people O O B-people O
test-331,O O O B-date I-date I-date I-date
test-332,O O O O O O B-time O
test-333,O O O O O O
test-334,O O B-people O O O O B-date I-date O
test-335,O B-people
test-336,O O B-last_name
test-337,O O O O O O O O O O
test-338,O O B-date I-date I-date O O O
test-339,O O B-date I-date I-date O
test-340,O O O O
test-341,O O O O O O O O
test-342,B-people I-people I-people O O O
test-343,O O O B-time I-time I-time I-time
test-344,O O O O O O O O
test-345,O O O
test-346,O O O O O O O O O O O O
test-347,O O O O O O O O O
test-348,O O O O B-time
test-349,O O O O O B-time O
test-350,O O O O O O O O O O O O O
test-351,O O O
test-352,O O B-time
test-353,O O O B-date I-date I-date
test-354,O O O O O O
test-355,O O O O O
test-356,O O O O O B-people I-people I-people I-people
test-357,B-date I-date I-date I-date O O O
test-358,O O O B-time O O O O O O O
test-359,O O O O O
test-360,O O O O O O B-date I-date O O B-people I-people I-people O
test-361,O O
test-362,O O O O O B-time
test-363,O O O O O O O O
test-364,O O O O
test-365,O B-time
test-366,O O O O O O O O O O O O O B-time
test-367,O O O O
test-368,O O O O O B-people I-people O O O O B-time I-time
test-369,O O O O O
test-370,O O O B-people O O O
test-371,O O O O O O O
test-372,O O O O O O O O O O O O O B-first_name B-last_name
test-373,O O O O O O B-time O B-date I-date O
test-374,O
test-375,O O O O O O O B-time O O B-first_name O
test-376,O O O O O O O O
test-377,O
test-378,O B-time
test-379,O O B-first_name B-last_name
test-380,O B-time
test-381,B-people O O O O O O B-people I-people I-people I-people
test-382,O O O O B-first_name B-last_name
test-383,O O O O O B-people I-people
test-384,O
test-385,O O O O O O
test-386,O O O B-people O O O O B-time O O O O O O O
test-387,O O O O O O O O O O O O O O O
test-388,O B-time
test-389,O O O O O O B-people I-people O B-time O O
test-390,O O B-date I-date I-date
test-391,O O O O O O O O O O B-people
test-392,O O O O O O O
test-393,O O O O O
test-394,O
test-395,O O O O O
test-396,B-time O O
test-397,O O O O O O O O O
test-398,O O O O O O O O
test-399,O O O O O O O
test-400,B-time O O
test-401,O O O B-time I-time O
test-402,O O O O O B-date I-date O O O O O O O O O O O O O O O O O O O O B-first_name O
test-403,O O O O O O O
test-404,O O O O O O B-date
test-405,O O O O
test-406,O O O O O B-date O
test-407,O O O O B-people I-people I-people I-people I-people O
test-408,O B-first_name
test-409,O O O O
test-410,O O O O
test-411,O O O O O O B-time O
test-412,O O B-first_name B-last_name
test-413,O O O O B-time
test-414,O O B-date I-date O B-people I-people
test-415,O O B-date I-date I-date
test-416,O
test-417,O O O O O O B-first_name
test-418,O O O O O O O
test-419,O
test-420,O O O O O O O O
test-421,O B-date I-date I-date
test-422,O O O O O
test-423,O O O O O O O O B-first_name B-last_name O O O O O
test-424,O O B-people I-people I-people O O O B-date O O O B-time
test-425,O O O B-time I-time I-time I-time
test-426,O B-time O O O O
test-427,O O O O O O O O
test-428,O B-time I-time
test-429,O O O O O O B-time I-time O B-people I-people I-people I-people
test-430,O O O O O O B-people O O O O O O O O
test-431,O B-date I-date I-date I-date
test-432,O O O O O O B-time I-time
test-433,O B-people I-people O O O
test-434,O O O O O O B-date O
test-435,O O O O O O O O O O O O O O O O O O O O O B-first_name O
test-436,O B-time I-time
test-437,O O O O O B-first_name B-last_name O O B-date O B-time
test-438,O O O O O B-date
test-439,O O O O O B-date I-date I-date O O O O O O B-first_name B-last_name
test-440,O O O O O O O O O
test-441,O B-people O O B-time O O O
test-442,O O O O O O O O
test-443,O O O O O B-date I-date
test-444,O O O O O O O O O O O O
test-445,O O B-date I-date I-date
test-446,O O
test-447,O O O O O O O O B-date I-date I-date O B-first_name O
test-448,O O O O O O
test-449,O O O O O B-time B-date I-date I-date
test-450,O O O
test-451,O O O O O O O O O O O O O O
test-452,O O B-first_name B-last_name
test-453,O O O O
test-454,O O O O B-time
test-455,O O O O O O O O O O
test-456,O O O O O O O B-people O O
test-457,O O O O O O O
test-458,O O O B-people I-people O
test-459,O O B-people O B-time O
test-460,O B-time I-time I-time I-time O
test-461,O O O B-first_name B-last_name
test-462,O O O O O O O O O O O O O
test-463,O
test-464,O O O O O O O O
test-465,O O O O O B-date I-date I-date O O B-time O O O O
test-466,O O O O O O B-date I-date I-date O
test-467,O O O
test-468,O O B-people I-people O O O
test-469,O B-date I-date I-date I-date
test-470,O O B-date O B-time
test-471,O O O B-time
test-472,O O O O O O O O O O O O O
test-473,O O O O
test-474,O B-people I-people I-people I-people I-people O O O O
test-475,O O O O O O O O O
test-476,O B-time B-people I-people I-people I-people I-people O O O O
test-477,O O O O O O O O O O O
test-478,O O O O
test-479,O O O O O O O O
test-480,O B-date I-date I-date O
test-481,O O O O O O O O O O
test-482,O O B-first_name B-last_name
test-483,O B-date I-date I-date
test-484,O O O O O O B-people I-people O B-time O O O O O O O O B-first_name O
test-485,O O O B-people
test-486,O O B-people O O
test-487,O B-date
test-488,O O O O B-time I-time
test-489,O O O O O O O O O O O O B-people
test-490,O O B-date I-date I-date I-date O O B-people O
test-491,O O O O O O O O O B-people O
test-492,O O O B-people O
test-493,O O O O O O O
test-494,O O O O O O O O O O O O O O O O O O
test-495,O O O O O O B-date I-date I-date O
test-496,O O O O O O O O O O O
test-497,O O O O O O O O B-first_name B-last_name O O O O O
test-498,O O O O O O O O B-time O
test-499,O O O O O B-people I-people O O O O
test-500,O O O
test-501,O O O O O O
test-502,O O O O O O O O
test-503,O O O O B-time
test-504,O O O O O O O O
test-505,O O B-first_name B-last_name
test-506,O O O O O O O
test-507,O O O O O O O O O O B-people O O O B-date I-date I-date I-date
test-508,B-people I-people
test-509,O O O O O O
test-510,O O O O O O O O O O B-people I-people I-people I-people O
test-511,O O O O O O O O O O O O O O O O
test-512,O O O O O O O O O B-first_name O
test-513,O O O O O O
test-514,O O B-first_name B-last_name
test-515,O O O O O B-time O O
test-516,O O O O O O O O
test-517,O O O O O O O O O O
test-518,O O O O O B-time O
test-519,B-people I-people I-people O O B-time O
test-520,O O O O O O O B-people
test-521,O O O O B-people I-people
test-522,O B-date I-date I-date
test-523,O O O O O B-date I-date O O O O O B-first_name B-last_name
test-524,O O O O O
test-525,O O B-date
test-526,B-people I-people I-people O O
test-527,O O O O O O B-first_name B-last_name O O B-date O O O O O O O O O O O
test-528,O B-date I-date I-date
test-529,O O O O O O O
test-530,O O O O O B-people I-people B-date I-date I-date I-date
test-531,O O O O B-time O O B-people O O
test-532,O O O
test-533,O O O O B-people I-people I-people I-people O
test-534,O B-time
test-535,O O O O O O
test-536,O O B-date I-date I-date
test-537,O O O O O O O O O
test-538,O B-first_name
test-539,O O B-date
test-540,O B-time O O O O O
test-541,O O O O O O O O B-people I-people I-people I-people I-people
test-542,O O O B-time O O
test-543,O
test-544,O O O O O
test-545,B-date O B-people I-people I-people I-people
test-546,O O O B-first_name B-last_name B-people I-people I-people I-people I-people
test-547,O O O O O B-date I-date O
test-548,O O O O O O O B-time O
test-549,O O O O O B-time
test-550,O B-first_name
test-551,O O O O O B-people B-people I-people I-people I-people
test-552,O O O O O O O B-first_name B-last_name O O B-people I-people O O O
test-553,O O O O O O B-people I-people O O O
test-554,O O
test-555,O B-date I-date I-date O
test-556,B-people O O O O O B-people I-people
test-557,O O O O B-people I-people O B-date I-date I-date O
test-558,O O O B-time I-time O
test-559,O O O O O O O O O
test-560,O
test-561,O O O O O O O O O O B-people O
test-562,O O O B-first_name
test-563,O O B-first_name B-last_name O B-time O O O O O O O O
test-564,O O B-people O
test-565,O O
test-566,O O B-date I-date I-date
test-567,O O O O O B-people I-people O O O O O O B-time I-time
test-568,O O O O O O O O B-people O B-time O O B-first_name O
test-569,O O
test-570,O O O B-first_name B-last_name
test-571,O O O O
test-572,O B-time
test-573,O B-time
test-574,O O O O O O
test-575,O O B-first_name B-last_name
test-576,O O O O O B-people O
test-577,O O O O O O B-date
test-578,O O O O O O B-people I-people I-people I-people O
test-579,O O B-date I-date O
test-580,O O O O O O O O O
test-581,O O O B-first_name B-last_name O O B-time O O
test-582,O O O O O O O O O O O
test-583,O
test-584,O O B-time O
test-585,O O O O B-time O O B-people O O O B-first_name O
test-586,O O B-people O O O O O O O O O O O
test-587,O O O O O O
test-588,O O O O O O
test-589,O O O O O O B-date I-date O O O
test-590,O O
test-591,O O O O O O O O B-time
test-592,O O O O O O O O
test-593,O O O O O O O
test-594,O O B-date O
test-595,O O O O O O O O O O O
test-596,O O O O O O O O
test-597,O O O O O O O O
test-598,O B-people
test-599,O O O O O O O O B-date I-date I-date O
test-600,O O B-last_name
test-601,O O O O O O O O O O O O O O O O O O O O O
test-602,O B-date I-date I-date
test-603,O O O O O
test-604,O O B-last_name
test-605,O B-people I-people I-people I-people
test-606,O O O O O O B-people O B-time O B-first_name O O B-people I-people O O
test-607,B-people I-people O O
test-608,O O O O O
test-609,O O O O O O O O O O O B-people O O
test-610,O
test-611,O O O O O O O O B-people O O
test-612,O O O O O O O
test-613,O O B-people I-people
test-614,O O O O B-time O O
test-615,O O O O B-time I-time
test-616,O O O O O O O B-time
test-617,O O O O O O O O O O O O O O O O
test-618,O O O O
test-619,O O O O O O O O O O O O O
test-620,O O O O O O
test-621,O O O O O O O O
test-622,O O O B-people I-people I-people I-people
test-623,O O O O O O
test-624,O O O O O O O O
test-625,O O B-time
test-626,B-people I-people I-people I-people
test-627,O O O O
test-628,O O O O O O O O O
test-629,O O O O O
test-630,O O O O O O O B-people
test-631,O O O
test-632,O O O O B-time O O O O B-people I-people I-people I-people O
test-633,O O B-date
test-634,O O O O O O O O
test-635,O O B-date I-date I-date
test-636,O O O O O O
test-637,O O O O O O O O
test-638,O O O O O O O O O O O O O O O O O
test-639,O O O
test-640,O O O O O B-people
test-641,O B-first_name
test-642,O O O O O O O
test-643,O O
test-644,O B-people
test-645,O B-time B-date O O O O O O O O B-first_name B-last_name
test-646,O O O O O B-people I-people O B-time
test-647,O O O O O O O O O O O O O O O O
test-648,O O O O B-people I-people I-people I-people I-people O
test-649,O B-date I-date
test-650,O B-people O O
test-651,O O O O O O O O B-first_name B-last_name
test-652,O O O O O O O B-date I-date O
test-653,O O O O
test-654,O O O O O O O O O O B-people
test-655,O O O O O O
test-656,O O O O O O
test-657,O O B-first_name B-last_name
test-658,O O O O O B-time O O O O B-first_name B-last_name O O
test-659,O O
test-660,O O O O O O B-time O O O O
test-661,O O O O O O O B-people I-people I-people I-people I-people O
test-662,O O B-first_name B-last_name
test-663,O O O O O O
test-664,O O O O O O O
test-665,O O O O O O O
test-666,O O O O O
test-667,O O B-first_name B-last_name
test-668,O O O O O O
test-669,O B-time
test-670,O O O O O O O O O O
test-671,O O O O O O O O O O O
test-672,O O O O B-date O B-time
test-673,O O O O O O O B-date I-date I-date O
test-674,O O O O O O O O O O O O O O B-first_name B-last_name
test-675,O O O O
test-676,O O O O O O O O O O
test-677,O O O O O B-date I-date O
test-678,O O O O
test-679,O O O
test-680,O O O O B-time I-time I-time
test-681,O O O O O B-date I-date O
test-682,O
test-683,O O O O O O O
test-684,O O O O O
test-685,O O O O O O
test-686,O O O O O O O O O O O O O
test-687,O O O O O O
test-688,O O O O O O
test-689,O O O O B-last_name
test-690,B-people O O O B-people I-people O O
test-691,O O O O O O O
test-692,O O O O O O O O
test-693,O O O O O O O O O
test-694,O O O O O O O O O O O
test-695,O B-people
test-696,O O O O O O
test-697,O O O O O B-people I-people O B-time I-time
test-698,O O O B-first_name
test-699,O O O O O O O O O O O O O O B-first_name B-last_name
test-700,B-people I-people I-people I-people I-people I-people
test-701,O O O O O O B-time
test-702,O O O O O O B-people I-people O B-time I-time
test-703,O O O O O O O O O O O O O
test-704,O O O O O O O
test-705,O O O O O O O O O O
test-706,O O O B-first_name B-last_name O O O O O O O B-date I-date
test-707,O
test-708,O B-time
test-709,O O O O O
test-710,O O O O O
test-711,O O O O O O B-time O
test-712,O O O B-date I-date O
test-713,O O O O O
test-714,O O O O O O O O O
test-715,O O O O B-date O I-date I-date
test-716,O O O O O
test-717,O O O O O O B-date O B-people I-people O B-time
test-718,O O O O B-people I-people
test-719,O O B-time
test-720,O O O O
test-721,O O O O O O O O
test-722,O B-date I-date I-date O
test-723,O O
test-724,O O O O O O B-people O O O O
test-725,O O O O O B-people O O
test-726,O O O O O O O O O O O
test-727,O O B-date I-date I-date
test-728,O O O B-time I-time
test-729,O O O O O O
test-730,B-people I-people I-people I-people O O
test-731,O
test-732,O O
test-733,O O
test-734,O O O O
test-735,O B-date I-date I-date I-date O O O O O O B-people I-people O O O B-time
test-736,O O O O O O O O O O O O O O O
test-737,O O B-first_name B-last_name
test-738,O O B-people I-people O O O O
test-739,O B-first_name
test-740,O O O O O O O O O O O O O O O O O O
test-741,O O O B-first_name B-last_name
test-742,O O O O O O O O O O O O O
test-743,O O O O O O O B-time O O O B-first_name O O O
test-744,O O O O O O O O O
test-745,O O B-last_name
test-746,O O O O O B-first_name O O O O B-people I-people
test-747,O O B-first_name B-last_name
test-748,O O O O O O O B-first_name B-last_name O
test-749,O O O
